[
    {
      "name": "Amethystish",
      "image": "https://github.com/Proxiart/GuessingOverlay/blob/images/Amethystish.png?raw=true"
    },
    {
      "name": "Bullix",
      "image": "https://github.com/Proxiart/GuessingOverlay/blob/images/Bullix.png?raw=true"
    },
    {
      "name": "Derubenshow",
      "image": "https://github.com/Proxiart/GuessingOverlay/blob/images/Derubenshow.png?raw=true"
    },
    {
      "name": "Guitarblaster3",
      "image": "https://github.com/Proxiart/GuessingOverlay/blob/images/Guitarblaster3.png?raw=true"
    },
    {
      "name": "Jonasvanbelgie",
      "image": "https://github.com/Proxiart/GuessingOverlay/blob/images/Jonasvanbelgie.png?raw=true"
    },
    {
      "name": "Pappagrillmaster",
      "image": "https://github.com/Proxiart/GuessingOverlay/blob/images/Pappagrillmaster.png?raw=true"
    },
    {
      "name": "Soldierofkrieg",
      "image": "https://github.com/Proxiart/GuessingOverlay/blob/images/Soldierofkrieg.png?raw=true"
    },
    {
      "name": "Zibble",
      "image": "https://github.com/Proxiart/GuessingOverlay/blob/images/Zibble.png?raw=true"
    },
    {
      "name": "appelsap",
      "image": "https://github.com/Proxiart/GuessingOverlay/blob/images/appelsap.png?raw=true"
    },
    {
      "name": "badg1988",
      "image": "https://github.com/Proxiart/GuessingOverlay/blob/images/badg1988.png?raw=true"
    },
    {
      "name": "dj538",
      "image": "https://github.com/Proxiart/GuessingOverlay/blob/images/dj538.png?raw=true"
    },
    {
      "name": "dwvhanry",
      "image": "https://github.com/Proxiart/GuessingOverlay/blob/images/dwvhanry.png?raw=true"
    },
    {
      "name": "godjordigames",
      "image": "https://github.com/Proxiart/GuessingOverlay/blob/images/godjordigames.png?raw=true"
    },
    {
      "name": "kamikilse",
      "image": "https://github.com/Proxiart/GuessingOverlay/blob/images/kamikilse.png?raw=true"
    },
    {
      "name": "koenslijkerman",
      "image": "https://github.com/Proxiart/GuessingOverlay/blob/images/koenslijkerman.png?raw=true"
    },
    {
      "name": "meesternee",
      "image": "https://github.com/Proxiart/GuessingOverlay/blob/images/meesternee.png?raw=true"
    },
    {
      "name": "nekrovva",
      "image": "https://github.com/Proxiart/GuessingOverlay/blob/images/nekrovva.png?raw=true"
    },
    {
      "name": "priddle",
      "image": "https://github.com/Proxiart/GuessingOverlay/blob/images/priddle.png?raw=true"
    },
    {
      "name": "skoapie03",
      "image": "https://github.com/Proxiart/GuessingOverlay/blob/images/skoapie03.png?raw=true"
    },
    {
      "name": "speederxxl",
      "image": "https://github.com/Proxiart/GuessingOverlay/blob/images/speederxxl.png?raw=true"
    },
    {
      "name": "thijsdaily",
      "image": "https://github.com/Proxiart/GuessingOverlay/blob/images/thijsdaily.png?raw=true"
    },
    {
      "name": "titusspider",
      "image": "https://github.com/Proxiart/GuessingOverlay/blob/images/titusspider.png?raw=true"
    },
    {
      "name": "worstenbroodje",
      "image": "https://github.com/Proxiart/GuessingOverlay/blob/images/worstenbroodje.png?raw=true"
    },    
    {
      "name": "atje",
      "image": "https://github.com/Proxiart/GuessingOverlay/blob/images/atjevoordesfeer.png?raw=true"
    },    
    {
      "name": "baard",
      "image": "https://github.com/Proxiart/GuessingOverlay/blob/images/baard.png?raw=true"
    },    
    {
      "name": "debosbar",
      "image": "https://github.com/Proxiart/GuessingOverlay/blob/images/debosbar.png?raw=true"
    },    
    {
      "name": "gozer",
      "image": "https://github.com/Proxiart/GuessingOverlay/blob/images/gozer.png?raw=true"
    },    
    {
      "name": "kapsalon",
      "image": "https://github.com/Proxiart/GuessingOverlay/blob/images/kapsalon.png?raw=true"
    },    
    {
      "name": "marbles",
      "image": "https://github.com/Proxiart/GuessingOverlay/blob/images/marbles.png?raw=true"
    },    
    {
      "name": "minecraft",
      "image": "https://github.com/Proxiart/GuessingOverlay/blob/images/Minecraft.png?raw=true"
    },    
    {
      "name": "motor",
      "image": "https://github.com/Proxiart/GuessingOverlay/blob/images/motor.png?raw=true"
    },    
    {
      "name": "niels",
      "image": "https://github.com/Proxiart/GuessingOverlay/blob/images/niels.png?raw=true"
    },    
    {
      "name": "pappacheatmaster",
      "image": "https://github.com/Proxiart/GuessingOverlay/blob/images/pappacheatmaster.png?raw=true"
    },    
    {
      "name": "pickaxe",
      "image": "https://github.com/Proxiart/GuessingOverlay/blob/images/pickaxe.png?raw=true"
    },    
    {
      "name": "proxios",
      "image": "https://github.com/Proxiart/GuessingOverlay/blob/images/Proxios.png?raw=true"
    },    
    {
      "name": "redstone",
      "image": "https://github.com/Proxiart/GuessingOverlay/blob/images/redstone.png?raw=true"
    },    
    {
      "name": "shotje",
      "image": "https://github.com/Proxiart/GuessingOverlay/blob/images/shotje.png?raw=true"
    },    
    {
      "name": "skateboard",
      "image": "https://github.com/Proxiart/GuessingOverlay/blob/images/skateboard.png?raw=true"
    },    
    {
      "name": "skoapie",
      "image": "https://github.com/Proxiart/GuessingOverlay/blob/images/skoapie.png?raw=true"
    },    
    {
      "name": "spiderprox",
      "image": "https://github.com/Proxiart/GuessingOverlay/blob/images/Spiderprox.png?raw=true"
    },    
    {
      "name": "chopper",
      "image": "https://github.com/Proxiart/GuessingOverlay/blob/images/vtwin.jpg?raw=true"
    },    
    {
      "name": "x0g",
      "image": "https://github.com/Proxiart/GuessingOverlay/blob/images/x0g.png?raw=true"
    },    
    {
      "name": "hawkframe",
      "image": "https://github.com/Proxiart/GuessingOverlay/blob/images/hawkframe.png?raw=true"
    },    
    {
      "name": "schmingel",
      "image": "https://github.com/Proxiart/GuessingOverlay/blob/images/schmingel.png?raw=true"
    },    
    {
      "name": "bilters",
      "image": "https://github.com/Proxiart/GuessingOverlay/blob/images/bilters.png?raw=true"
    }
  ]